School_ID,Short_Name,Grade_Cat,Lat,Long
400052,NOBLE - COMER,HS,41.76525228,-87.60416375
400157,NOBLE - BAKER HS,HS,41.73462237,-87.55620144
609674,CHICAGO VOCATIONAL HS,HS,41.73717393,-87.57326752
609676,DUNBAR HS,HS,41.84022557,-87.61763743
609692,SIMEON HS,HS,41.74578123,-87.63541037
609698,BOGAN HS,HS,41.74937561,-87.72109745
609705,FENGER HS,HS,41.68995073,-87.63757205
609710,HARLAN HS,HS,41.71837235,-87.62062344
609712,HIRSCH HS,HS,41.75374796,-87.60172727
609713,HYDE PARK HS,HS,41.78225693,-87.58661501
609725,MORGAN PARK HS,HS,41.69203501,-87.66565755
609727,PHILLIPS HS,HS,41.82387997,-87.61979635
609879,DAWES,ES,41.74507775,-87.71735342
609883,DENEEN,ES,41.76249026,-87.62334459
609753,CHICAGO AGRICULTURE HS,HS,41.69122074,-87.71776967
609754,CHICAGO MILITARY HS,HS,41.83055498,-87.61921554
609762,JULIAN HS,HS,41.70585894,-87.65374921
609786,AVALON PARK,ES,41.74824699,-87.59165381
609788,BARNARD,ES,41.70513101,-87.65807422
609805,JOPLIN,ES,41.74933916,-87.66936565
609807,HAMPTON,ES,41.75345719,-87.70873128
609808,HALEY,ES,41.68665997,-87.63363214
609813,BROWNELL,ES,41.77162036,-87.62174597
609815,BOUCHET,ES,41.76084748,-87.57607486
609821,BURNHAM,ES,41.71440206,-87.56713059
609827,BURNSIDE,ES,41.72848064,-87.60743532
609833,DAISY BATES,ES,41.73922636,-87.58072903
609837,CARNEGIE,ES,41.78336832,-87.59079501
609839,CARROLL,ES,41.74251663,-87.69601208
609861,CLISSOLD,ES,41.69302601,-87.68089679
609862,COLES,ES,41.74141281,-87.56596977
609864,COOK,ES,41.74523702,-87.65977459
609978,SMITH,ES,41.70755762,-87.60466041
609887,DIXON,ES,41.74366924,-87.60997887
609891,DOOLITTLE,ES,41.83112063,-87.61227454
609895,TURNER-DREW,ES,41.72560922,-87.63016448
609902,METCALFE,ES,41.66944402,-87.63430552
609908,ESMOND,ES,41.68941961,-87.66915867
609917,FERNWOOD,ES,41.71118362,-87.64041365
609919,FISKE,ES,41.78518282,-87.6086329
609924,FORT DEARBORN,ES,41.72967267,-87.65548116
609927,FOSTER PARK,ES,41.73842548,-87.66809931
609928,FARMER,ES,41.8180034,-87.61178404
609939,GILLESPIE,ES,41.72533228,-87.62371944
609943,OWENS,ES,41.67061754,-87.62254566
609955,GRESHAM,ES,41.73892016,-87.64502524
609977,WOODLAWN,ES,41.77336553,-87.594392
610002,HOYNE,ES,41.73333775,-87.5682281
610003,CUFFE,ES,41.74245163,-87.65363345
610019,KERSHAW,ES,41.77645281,-87.64089203
610109,OWEN,ES,41.74284992,-87.70574909
610110,WELLS ES,ES,41.82735527,-87.61977966
610112,PARKER,ES,41.7707798,-87.63408586
610115,PARK MANOR,ES,41.76647654,-87.61154559
609971,HARVARD,ES,41.75734054,-87.63273687
610027,KIPLING,ES,41.72362691,-87.63952072
610030,KOZMINSKI,ES,41.79800188,-87.60248145
610032,GREEN,ES,41.71929195,-87.65250014
610047,MADISON,ES,41.75954806,-87.5907124
610052,MANN,ES,41.74827413,-87.57481564
610065,TILL,ES,41.77542384,-87.60935721
610066,MCDADE,ES,41.73454991,-87.61921444
610086,MOUNT VERNON,ES,41.70195212,-87.64765249
610090,MURRAY,ES,41.79853549,-87.59334041
610091,BROWN R,ES,41.66487335,-87.63895773
610093,NEIL,ES,41.7384066,-87.62093346
610102,OGLESBY,ES,41.75467006,-87.6454695
610124,WASHINGTON H ES,ES,41.72853414,-87.59625662
610126,PERSHING,ES,41.83652695,-87.61833765
610128,GARVEY,ES,41.70660286,-87.64757717
610130,PIRIE,ES,41.74034023,-87.60789114
610142,RAY,ES,41.79234788,-87.59475207
610143,REAVIS,ES,41.80417379,-87.60492543
610146,REVERE,ES,41.76419587,-87.60017682
610152,RUGGLES,ES,41.75194558,-87.61806645
610153,RYDER,ES,41.73537939,-87.6388427
610176,SHOOP,ES,41.69091888,-87.65866905
610178,SCHMID,ES,41.71698887,-87.59693188
610188,DUNNE,ES,41.69649616,-87.6399736
610199,COLEMON,ES,41.67750545,-87.65811084
610207,VANDERPOEL,ES,41.72081703,-87.66555862
610208,LAVIZZO,ES,41.69626235,-87.62714769
610213,WADSWORTH,ES,41.7734779,-87.60101811
610218,WARREN,ES,41.72676291,-87.57535255
610225,WHISTLER,ES,41.68390701,-87.65538382
610256,ROBINSON,ES,41.81734933,-87.59906677
610263,DULLES,ES,41.77990049,-87.61721418
610268,ASHE,ES,41.74018379,-87.60117441
610279,TANNER,ES,41.76067264,-87.60679104
610287,ASHBURN,ES,41.74235057,-87.70960968
610290,MAYS,ES,41.7727275,-87.63727735
610295,HIGGINS,ES,41.68103137,-87.64699404
610298,LENART,ES,41.74718592,-87.62804036
610299,KING ES,ES,41.76533498,-87.64133454
610300,WESTCOTT,ES,41.74886823,-87.63475052
610312,MCDOWELL,ES,41.73313231,-87.5895895
610315,WHITE,ES,41.67230941,-87.65053854
610316,EARHART,ES,41.72610746,-87.58218174
610323,BOWEN HS,HS,41.73462672,-87.55755003
610345,WOODSON,ES,41.8144988,-87.60841877
610350,BLACK,ES,41.72969236,-87.57664295
610362,EVERS,ES,41.71566536,-87.63930547
610366,WACKER,ES,41.7161933,-87.64804432
610368,HUGHES L,ES,41.70534232,-87.62986866
610369,JACKSON M,ES,41.73412547,-87.64676673
610530,SOUTH SHORE ES,ES,41.76775511,-87.5903961
610547,SOUTH SHORE INTL HS,HS,41.75879166,-87.57635264
610558,GOODE HS,HS,41.7537498,-87.70734535
610587,DYETT ARTS HS,HS,41.80120417,-87.61223911
610592,ENGLEWOOD STEM HS,HS,41.77024998,-87.63685077
400105,URBAN PREP - BRONZEVILLE HS,HS,41.83111753,-87.61362865
609790,BARTON,ES,41.754194,-87.670927
400076,U OF C - NKO,ES,41.81118287,-87.59878627
400107,LEARN - SOUTH CHICAGO,ES,41.73333313,-87.54557989
400156,NOBLE - BUTLER HS,HS,41.70666686,-87.60257332
609726,BROOKS HS,HS,41.69276253,-87.61635261
609739,WASHINGTON HS,HS,41.68813694,-87.5375703
609746,KENWOOD HS,HS,41.80377212,-87.59042089
609856,CLAY,ES,41.65455815,-87.5446136
609751,KING HS,HS,41.81367545,-87.60387386
609760,CARVER MILITARY HS,HS,41.65628995,-87.59062039
609761,CORLISS HS,HS,41.70665962,-87.60121588
609772,ADDAMS,ES,41.6987388,-87.53297604
609800,BENNETT,ES,41.71043495,-87.61739046
609806,BRADWELL,ES,41.75436513,-87.55714197
609811,BRIGHT,ES,41.69972622,-87.56208423
609845,CARVER G,ES,41.65370212,-87.59951563
609848,ALDRIDGE,ES,41.65740497,-87.60647385
609900,CURTIS,ES,41.6854184,-87.62165261
609935,GALLISTEL,ES,41.706801,-87.53517531
609944,GRISSOM,ES,41.662481,-87.55330671
609951,ARIEL,ES,41.81117346,-87.59750293
610004,CULLEN,ES,41.70033514,-87.61124446
609961,NINOS HEROES,ES,41.74375308,-87.55186172
609969,HARTE,ES,41.79344724,-87.5868546
610054,MARSH,ES,41.71658802,-87.55248343
610103,OKEEFFE,ES,41.76860231,-87.57280595
610116,PARKSIDE,ES,41.76855519,-87.58295438
610132,POE,ES,41.70263,-87.60641917
610139,PULLMAN,ES,41.68881935,-87.60943097
610171,MIRELES,ES,41.73171692,-87.55278794
610175,SHOESMITH,ES,41.80429402,-87.59390494
610193,NEW SULLIVAN,ES,41.74382852,-87.54292761
610198,TAYLOR,ES,41.71547038,-87.53297077
610200,THORP J,ES,41.73332424,-87.54427998
610219,WASHINGTON G ES,ES,41.68813148,-87.5360153
610281,POWELL,ES,41.7603318,-87.55678925
610364,DUBOIS,ES,41.65373298,-87.61432001
610586,SADLOWSKI,ES,41.70485859,-87.52798508
400017,ASPIRA - HAUGAN,ES,41.96640601,-87.7223992
609679,PROSSER HS,HS,41.9200594,-87.76104832
609691,NORTH-GRAND HS,HS,41.91167369,-87.73523756
609708,FOREMAN HS,HS,41.93979677,-87.75416654
609716,KELVYN PARK HS,HS,41.9279184,-87.73599882
609720,LANE TECH HS,HS,41.94664458,-87.69101263
609728,ROOSEVELT HS,HS,41.96482788,-87.71481862
609732,STEINMETZ HS,HS,41.93563359,-87.78351523
609737,VON STEUBEN HS,HS,41.97318505,-87.71338625
609988,HENRY,ES,41.9589888,-87.71563237
609994,HIBBARD,ES,41.97033524,-87.71036161
609875,DARWIN,ES,41.92332272,-87.70541291
609853,CHASE,ES,41.91799265,-87.69456225
609854,CHOPIN,ES,41.89671269,-87.68893676
609857,CLEVELAND,ES,41.95204212,-87.70644253
609780,MARINE LEADERSHIP AT AMES HS,HS,41.91604463,-87.72174232
609789,BARRY,ES,41.93251058,-87.73938835
609792,BATEMAN,ES,41.95821984,-87.70215096
609794,EDISON,ES,41.9715061,-87.70930367
609809,BRENTANO,ES,41.9309661,-87.6962942
609810,BRIDGE,ES,41.94911439,-87.79866892
609835,CAMERON,ES,41.90379212,-87.71792664
609836,CANTY,ES,41.94800703,-87.8292957
609884,DEVER,ES,41.94255167,-87.81313153
609910,FALCONER,ES,41.93578457,-87.74933063
609922,BELMONT-CRAGIN,ES,41.9242451,-87.7817015
609930,FUNSTON,ES,41.91761651,-87.71689166
609942,GOETHE,ES,41.92283101,-87.6928997
609949,GRAY,ES,41.94876358,-87.7571156
610021,CASALS,ES,41.90450276,-87.71423365
610106,PICCOLO,ES,41.90013966,-87.7312606
609968,MCAULIFFE,ES,41.91481634,-87.72393113
609972,HAUGAN,ES,41.96402871,-87.72312803
610039,VON LINNE,ES,41.94000928,-87.70263467
610040,LLOYD,ES,41.9188141,-87.74851501
610041,LOCKE J,ES,41.93176235,-87.79560407
610044,LOWELL,ES,41.90651959,-87.710217
610046,LYON,ES,41.93419216,-87.7771742
610051,NORTHWEST,ES,41.92061097,-87.75792051
610068,HANSON PARK,ES,41.92395526,-87.76151477
610074,LOGAN SQUARE,ES,41.9299886,-87.71922375
610076,MOOS,ES,41.91250548,-87.69694139
610088,MOZART,ES,41.92090965,-87.72188814
610089,MURPHY,ES,41.95007775,-87.71683186
610097,NIXON,ES,41.91958145,-87.73142009
610098,NOBEL,ES,41.90615515,-87.72995463
610100,WEST PARK,ES,41.90690721,-87.7324431
610135,PORTAGE PARK,ES,41.95698764,-87.761007
610144,REILLY,ES,41.94109399,-87.71954054
610145,REINBERG,ES,41.9430189,-87.76898262
610159,SCAMMON,ES,41.9416776,-87.73217878
610165,SCHUBERT,ES,41.93040332,-87.76119047
610179,SMYSER,ES,41.95886804,-87.78197454
610192,STOWE,ES,41.91193808,-87.7133175
610390,RICKOVER MILITARY HS,HS,41.95759899,-87.76993752
610201,THORP O,ES,41.94857131,-87.77763129
610209,VOLTA,ES,41.971634,-87.72460522
610212,ALBANY PARK,ES,41.97150444,-87.71060879
610234,YATES,ES,41.91503855,-87.70028031
610248,CHICAGO ACADEMY ES,ES,41.94305592,-87.7781868
610325,AVONDALE-LOGANDALE,ES,41.9339702,-87.70804088
610340,CHICAGO ACADEMY HS,HS,41.94305449,-87.77684657
610354,NORTH RIVER,ES,41.96641068,-87.7212259
610533,PRIETO,ES,41.92131758,-87.76578057
610539,CAMRAS,ES,41.93493062,-87.77012726
610541,LORCA,ES,41.94002591,-87.72478312
610564,DISNEY II HS,HS,41.95248767,-87.72136351
609694,HANCOCK HS,HS,41.77536595,-87.75823761
609704,FARRAGUT HS,HS,41.84855987,-87.70870563
609709,GAGE PARK HS,HS,41.79101284,-87.68895394
609715,KELLY HS,HS,41.81872906,-87.69463866
609741,HUBBARD HS,HS,41.78052639,-87.71801374
609983,HEDGES,ES,41.80711213,-87.67332726
609993,LARA,ES,41.8097703,-87.67218159
609996,HOLDEN,ES,41.83802739,-87.65379167
609876,DAVIS N,ES,41.82185161,-87.70020216
609855,CHRISTOPHER,ES,41.80165862,-87.685607
609756,CURIE HS,HS,41.80306021,-87.72204165
609764,JUAREZ HS,HS,41.85267014,-87.66433931
609777,ARMOUR,ES,41.83385391,-87.65065316
609829,BURROUGHS,ES,41.82886791,-87.69245663
609834,LITTLE VILLAGE,ES,41.84369812,-87.71731895
609842,CARSON,ES,41.79327214,-87.68779954
609867,COOPER,ES,41.85603119,-87.66722708
609870,CORKERY,ES,41.84560242,-87.73119287
609872,PEREZ,ES,41.85602872,-87.65798013
609981,HEARST,ES,41.808175,-87.74572606
609898,EBERHART,ES,41.77442045,-87.70795263
609903,EDWARDS,ES,41.80554154,-87.72585618
609909,EVERETT,ES,41.83155516,-87.6813103
609920,KANOON,ES,41.85077148,-87.70511208
609921,TELPOCHCALLI,ES,41.84794743,-87.69600588
609938,GARY,ES,41.83706515,-87.71869664
609950,ORTIZ DE DOMINGUEZ,ES,41.83879052,-87.71719032
609952,GREENE,ES,41.82966928,-87.67149237
609956,GRIMES,ES,41.77546426,-87.75880329
609958,GUNSAULUS,ES,41.81300737,-87.69936419
610006,HURLEY,ES,41.76678528,-87.71954083
610013,PILSEN,ES,41.85884888,-87.66220943
610015,JUNGMAN,ES,41.85806478,-87.65230159
610017,SAUCEDO,ES,41.84794072,-87.69731554
609964,HAMLINE,ES,41.80724156,-87.66117466
609966,HAMMOND,ES,41.85271913,-87.6962433
609967,FINKL,ES,41.84921491,-87.68566784
609973,ZAPATA,ES,41.8413938,-87.73431332
610024,CARDENAS,ES,41.84848777,-87.71601741
610057,FAIRFIELD,ES,41.7809039,-87.69211506
610063,MCCORMICK,ES,41.84226717,-87.70630009
610096,NIGHTINGALE,ES,41.79771438,-87.68913886
610117,PASTEUR,ES,41.78689538,-87.73266646
610120,PECK,ES,41.78789897,-87.71921626
610125,RUIZ,ES,41.84810094,-87.68074453
610129,PICKARD,ES,41.8529004,-87.68329074
610148,CHAVEZ,ES,41.80714283,-87.66603693
610157,SAWYER,ES,41.7974982,-87.70500578
610167,SEWARD,ES,41.81033324,-87.66877201
610170,COLUMBIA EXPLORERS,ES,41.81106861,-87.70419859
610174,SHIELDS,ES,41.81590949,-87.68964724
610185,STEVENSON,ES,41.74710688,-87.73166568
610226,SANDOVAL,ES,41.79234608,-87.71098733
610227,WHITNEY,ES,41.84008043,-87.72554564
610228,WHITTIER,ES,41.85048089,-87.67339165
610392,WORLD LANGUAGE HS,HS,41.83439662,-87.73529222
610396,TARKINGTON,ES,41.76440708,-87.70644465
610203,MONARCAS ACADEMY,ES,41.78752323,-87.70817918
610206,TWAIN,ES,41.7990464,-87.7589284
610215,MADERO,ES,41.84095691,-87.70506426
610216,WALSH,ES,41.85483575,-87.64808617
610239,DALEY,ES,41.80234287,-87.6722064
610249,TALMAN,ES,41.79404805,-87.69026084
610291,LEE,ES,41.77530539,-87.72888429
610317,BRIGHTON PARK,ES,41.8239,-87.69207693
610319,EVERGREEN,ES,41.82935562,-87.66781651
610329,OROZCO,ES,41.85775481,-87.67521046
610352,DURKIN PARK,ES,41.73884394,-87.72995529
610353,CALMECA,ES,41.82437733,-87.71165364
610357,SPRY HS,HS,41.84776169,-87.69894611
610383,SOCIAL JUSTICE HS,HS,41.83350728,-87.73529947
610384,INFINITY HS,HS,41.83616882,-87.73527796
610385,MULTICULTURAL ARTS HS,HS,41.83528187,-87.7352833
610532,HERNANDEZ,ES,41.79347933,-87.71136992
610543,SOLORIO HS,HS,41.79520056,-87.71105882
610544,AZUELA,ES,41.77107907,-87.73992023
610559,SHIELDS MIDDLE,ES,41.80649141,-87.68977977
610563,BACK OF THE YARDS HS,HS,41.80841254,-87.67754137
610184,SPRY ES,ES,41.84774672,-87.70018447
610588,RICHARDSON,ES,41.78382632,-87.7254216
610589,SOR JUANA,ES,41.791464,-87.72447
400096,ROWE,ES,41.90779718,-87.66407247
609719,LAKE VIEW HS,HS,41.95476407,-87.66895269
609724,MATHER HS,HS,41.98758868,-87.7024964
609729,SCHURZ HS,HS,41.94636454,-87.73561211
609734,TAFT HS,HS,41.98296099,-87.79154725
609738,LINCOLN PARK HS,HS,41.91826831,-87.64600936
609995,HITCH,ES,41.9836717,-87.77912305
609749,NORTHSIDE PREP HS,HS,41.98131528,-87.7087078
609773,TUBMAN,ES,41.9341263,-87.65622867
609782,AUDUBON,ES,41.94506223,-87.68104105
609796,BEAUBIEN,ES,41.97239395,-87.75756504
609798,BELDING,ES,41.95893849,-87.73401973
609799,BELL,ES,41.9495298,-87.68601824
609803,BLAINE,ES,41.95078052,-87.66496784
609817,BUDLONG,ES,41.97575433,-87.69655603
609820,BURLEY,ES,41.93793747,-87.66985312
609828,BURR,ES,41.91235791,-87.6686606
609866,COONLEY,ES,41.9555532,-87.6837653
609896,DRUMMOND,ES,41.9159138,-87.6744946
609901,EDGEBROOK,ES,41.99943683,-87.76184047
609912,FARNSWORTH,ES,41.97979006,-87.76607166
609937,GARVY,ES,41.97635166,-87.79623511
610010,JAHN,ES,41.9392475,-87.67580972
610011,JAMIESON,ES,41.98464078,-87.70052942
610105,ORIOLE PARK,ES,41.97850138,-87.81205404
610111,PALMER,ES,41.97328939,-87.73921295
609963,HAMILTON,ES,41.94521966,-87.67086537
609974,HAWTHORNE,ES,41.94227549,-87.65770888
610029,LOZANO,ES,41.90888613,-87.66509327
610033,LASALLE,ES,41.91389953,-87.63756486
610038,LINCOLN,ES,41.92452482,-87.6444973
610059,MAYER,ES,41.92320352,-87.65728744
610070,MCPHERSON,ES,41.96784687,-87.67628825
610078,INTER-AMERICAN,ES,41.9490033,-87.65157334
610094,NETTELHORST,ES,41.94163655,-87.64456122
610095,NEWBERRY,ES,41.91394722,-87.64599025
610099,NORWOOD PARK,ES,41.98815251,-87.80297944
610104,ONAHAN,ES,41.99379035,-87.79310826
610127,PETERSON,ES,41.98155714,-87.71258258
610136,PRESCOTT,ES,41.9288411,-87.6695275
610137,PRUSSING,ES,41.96561907,-87.77241417
610138,PULASKI,ES,41.91848628,-87.68380143
610141,RAVENSWOOD,ES,41.96074569,-87.67092242
610155,SAUGANASH,ES,41.99116925,-87.74595144
610182,SOLOMON,ES,41.99394233,-87.72404263
610230,WILDWOOD,ES,42.00749067,-87.77834486
610220,WATERS,ES,41.9643654,-87.69133251
610523,EDISON PARK,ES,41.99423795,-87.81377123
610524,ALCOTT HS,HS,41.93579456,-87.68056201
609774,ALCOTT ES,ES,41.92984985,-87.64641314
610101,OGDEN ES,ES,41.89997649,-87.62929657
610515,DISNEY II ES,ES,41.95046051,-87.73067838
609718,KENNEDY HS,HS,41.78996125,-87.78083976
609832,BYRNE,ES,41.79503097,-87.79154448
609849,CASSELL,ES,41.68734706,-87.70321549
609893,DORE,ES,41.77389882,-87.79935927
610016,KELLOGG,ES,41.72526344,-87.67723251
609960,HALE,ES,41.78019173,-87.77657871
610026,KINZIE,ES,41.78996463,-87.7794826
610082,MOUNT GREENWOOD,ES,41.69573386,-87.70580994
610084,KELLER,ES,41.69717033,-87.69727834
610195,SUTHERLAND,ES,41.71144507,-87.67682117
400044,KIPP - ASCEND,ES,41.85836974,-87.72107065
400059,NLCP - COLLINS HS,HS,41.86414584,-87.7006806
400146,KIPP - ACADEMY,ES,41.89181614,-87.74661384
609678,JONES HS,HS,41.87306592,-87.62767532
609680,PAYTON HS,HS,41.90157517,-87.63538477
609682,RICHARDS HS,HS,41.80288138,-87.66227785
609693,WESTINGHOUSE HS,HS,41.8899772,-87.70733231
609722,MANLEY HS,HS,41.87093896,-87.69989559
609723,MARSHALL HS,HS,41.87844409,-87.70805007
609735,TILDEN HS,HS,41.80751007,-87.64296648
609740,WELLS HS,HS,41.89899471,-87.66748287
609985,HEFFERAN,ES,41.87866465,-87.73580189
609986,HENDERSON,ES,41.79059129,-87.67188731
609987,HENDRICKS,ES,41.81578775,-87.63366448
609990,SOUTH LOOP,ES,41.85974068,-87.62834919
609991,HERZL,ES,41.8620813,-87.71899385
609997,HOLMES,ES,41.79378765,-87.64979536
609851,CHALMERS,ES,41.86643525,-87.69525937
609755,YOUNG HS,HS,41.87860253,-87.66423334
609759,CLEMENTE HS,HS,41.90262579,-87.68690615
609791,BASS,ES,41.77424645,-87.65353242
609793,NICHOLSON,ES,41.78494238,-87.64745284
609795,CLARK ES,ES,41.86781257,-87.77041753
609797,BEIDLER,ES,41.88532104,-87.70585481
609812,BROWN W,ES,41.88299678,-87.67068239
609818,BURBANK,ES,41.91759814,-87.78269957
609819,BURKE,ES,41.79675956,-87.61614052
609830,BRUNSON,ES,41.89766257,-87.76560566
609844,CARTER,ES,41.78982791,-87.62245275
609863,GINSBURG,ES,41.89956578,-87.68193805
609869,LANGFORD,ES,41.78468086,-87.65716921
609873,CROWN,ES,41.85266349,-87.71247015
609979,HEALY,ES,41.83959486,-87.64034075
609885,DEWEY,ES,41.79564568,-87.64265158
609894,DRAKE,ES,41.84404331,-87.62855345
609897,EARLE,ES,41.78122517,-87.67554666
609904,ELLINGTON,ES,41.88552958,-87.76658938
609907,ERICSON,ES,41.87574412,-87.71580443
609925,KELLMAN,ES,41.87016772,-87.7021629
609926,FRANKLIN,ES,41.90659999,-87.63551281
609929,FULTON,ES,41.79758027,-87.66843588
609941,RANDOLPH,ES,41.76061413,-87.67596551
609947,GRAHAM ES,ES,41.81330373,-87.64334424
609954,GREGORY,ES,41.87074216,-87.71866613
609959,HAINES,ES,41.84995832,-87.63380633
609975,HAY,ES,41.89917136,-87.75581325
610000,HOWE,ES,41.89361221,-87.75939839
610005,HUGHES C,ES,41.86051774,-87.73177739
610009,GALILEO,ES,41.87125482,-87.65336555
610107,OTIS,ES,41.89180608,-87.66542624
610108,OTOOLE,ES,41.77457107,-87.674865
610034,LAWNDALE,ES,41.86296002,-87.71295679
610036,LEWIS,ES,41.90682605,-87.75454995
610037,LIBBY,ES,41.79768483,-87.65993282
610043,LOVETT,ES,41.91271803,-87.78391885
610048,MANIERRE,ES,41.90824688,-87.63982651
610053,MARQUETTE,ES,41.77388108,-87.6970298
610055,FARADAY,ES,41.87971359,-87.70809202
610056,MASON,ES,41.8568637,-87.73167243
610060,CHICAGO WORLD LANGUAGE ACADEMY,ES,41.87429964,-87.66098467
610062,MINOSO,ES,41.82999286,-87.64110258
610067,MCKAY,ES,41.76814276,-87.6917865
610073,MITCHELL,ES,41.89208217,-87.68318459
610077,MORRILL,ES,41.78431328,-87.68854926
610081,SHERIDAN,ES,41.84440016,-87.64133981
610092,NASH,ES,41.89180975,-87.74793588
610121,IRVING,ES,41.87159549,-87.68361565
610123,PENN,ES,41.85837242,-87.72238555
610131,PLAMONDON,ES,41.8602589,-87.69252575
610133,WARD L,ES,41.89323561,-87.71879729
610158,SAYRE,ES,41.91415063,-87.79872071
610172,SHERMAN,ES,41.79976621,-87.65022145
610173,SHERWOOD,ES,41.79080024,-87.63227938
610177,SKINNER,ES,41.87910254,-87.65941898
610180,SMYTH,ES,41.86535102,-87.65344503
610183,SPENCER,ES,41.8848764,-87.75044473
610194,SUMNER,ES,41.87082838,-87.73352395
610197,TALCOTT,ES,41.89240461,-87.67372272
610229,PRITZKER,ES,41.90705301,-87.67776098
610231,NATIONAL TEACHERS,ES,41.85279977,-87.62930833
610391,LINDBLOM HS,HS,41.7820408,-87.67166185
610405,SUDER,ES,41.88321452,-87.67763611
610202,TILTON,ES,41.88410224,-87.73056638
610217,WARD J,ES,41.84398009,-87.63535579
610221,WEBSTER,ES,41.86991586,-87.72752437
610223,WENTWORTH,ES,41.7650759,-87.65820484
610235,YOUNG ES,ES,41.90679057,-87.76714285
610237,BEETHOVEN,ES,41.80913476,-87.62713681
610238,BOND,ES,41.76536057,-87.65301779
610244,CLARK HS,HS,41.87288501,-87.75332487
610245,DOUGLASS HS,HS,41.89036863,-87.76766846
610246,BEASLEY,ES,41.79846496,-87.62569158
610250,SALAZAR,ES,41.90141653,-87.63363243
610251,CATHER,ES,41.88294992,-87.69918701
610252,DETT,ES,41.87986982,-87.68031497
610254,DVORAK,ES,41.85888345,-87.71574357
610257,MORTON,ES,41.88917814,-87.70510783
610271,JENSEN,ES,41.87381495,-87.70224105
610274,JOHNSON,ES,41.86183619,-87.70313876
610276,MOLLISON,ES,41.81435828,-87.61661794
610282,MCNAIR,ES,41.89781907,-87.74673078
610293,MELODY,ES,41.87879893,-87.72466123
610304,PHOENIX MILITARY HS,HS,41.87911823,-87.68696022
610305,LELAND,ES,41.87358678,-87.74927555
610313,DE DIEGO,ES,41.90529385,-87.6857562
610334,RABY HS,HS,41.88621006,-87.71542312
610339,STAGG,ES,41.75892473,-87.64921669
610342,SABIN,ES,41.90681581,-87.68304994
610347,CLAREMONT,ES,41.77751051,-87.6810612
610367,DEPRIEST,ES,41.87797883,-87.76629755
610380,WILLIAMS HS,HS,41.8061176,-87.62502998
610381,BRONZEVILLE HS,HS,41.80520417,-87.62500447
610389,ORR HS,HS,41.89454672,-87.72665959
610499,COLLINS STEAM HS,HS,41.86414857,-87.70204159
610503,FRAZIER PROSPECTIVE,ES,41.86697963,-87.72724438
610513,AIR FORCE HS,HS,41.82814532,-87.63275698
610518,AUSTIN CCA HS,HS,41.88599329,-87.76191637
610520,LASALLE II,ES,41.90291446,-87.67369603
610521,DAVIS M,ES,41.77122111,-87.66652988
610529,OGDEN HS,HS,41.89354764,-87.65940468
610534,SKINNER NORTH,ES,41.90510912,-87.64484149
610548,STEM,ES,41.86857588,-87.66496913
610561,CRANE MEDICAL HS,HS,41.87694744,-87.68330135
400180,KIPP - ONE,ES,41.89380504,-87.7266148
610590,BRONZEVILLE CLASSICAL,ES,41.81924917,-87.62662118
609874,DIRKSEN,ES,41.97371478,-87.84104144
609695,AMUNDSEN HS,HS,41.97506726,-87.67948421
609730,SENN HS,HS,41.98902854,-87.66713619
609733,SULLIVAN HS,HS,42.00268756,-87.66919215
609880,DECATUR,ES,42.00928856,-87.70461859
609850,GREELEY,ES,41.95280951,-87.65097987
609852,CHAPPELL,ES,41.9758943,-87.68326359
609859,CLINTON,ES,41.99254136,-87.69835995
609779,ARMSTRONG G,ES,42.01014998,-87.68444183
609804,MOSAIC,ES,42.00341161,-87.69746282
609865,JORDAN,ES,42.01708759,-87.67776252
609899,EBINGER,ES,42.00440792,-87.81116978
609918,FIELD,ES,42.00966386,-87.6699854
609933,GALE,ES,42.02109056,-87.67193898
609945,GOUDY,ES,41.97581653,-87.65791249
609976,HAYT,ES,41.99454089,-87.66850377
610022,KILMER,ES,42.00364046,-87.66822247
610122,PEIRCE,ES,41.98345579,-87.66585004
610147,ROGERS,ES,42.01526505,-87.69718539
610191,STONE,ES,41.99535905,-87.68479279
610196,SWIFT,ES,41.98913906,-87.65829608
610394,UPLIFT HS,HS,41.96554746,-87.65247335
610242,BRENNEMANN,ES,41.95998416,-87.64974917
610269,MCCUTCHEON,ES,41.97094908,-87.65475845
610284,NEW FIELD,ES,42.00770257,-87.67316833
610355,COURTENAY,ES,41.96230777,-87.66385296
610363,DISNEY,ES,41.95681613,-87.64608274
610542,WEST RIDGE,ES,42.00295899,-87.70591721
400023,CICS - AVALON/SOUTH SHORE,ES,41.74317942,-87.58792764
400026,CICS - LOOMIS,ES,41.72024642,-87.65756106
400031,CICS - WRIGHTWOOD,ES,41.74536545,-87.6926144
400032,CICS - ELLISON HS,HS,41.74838241,-87.66897964
400033,CICS - LONGWOOD,HS,41.72122143,-87.65576813
400061,PERSPECTIVES - LEADERSHIP HS,HS,41.73879092,-87.62650132
400062,PERSPECTIVES - TECH HS,HS,41.73752473,-87.62649482
400066,PERSPECTIVES - MATH & SCI HS,HS,41.82778386,-87.62478772
400075,U OF C - DONOGHUE,ES,41.82772608,-87.60850078
400077,U OF C - WOODLAWN HS,HS,41.78041191,-87.59737972
400106,NOBLE - JOHNSON HS,HS,41.7783695,-87.6351167
400111,LEARN - PERKINS,ES,41.74312177,-87.66572106
400117,NOBLE - HANSBERRY HS,HS,41.73444162,-87.65098673
400129,YCCS - PROGRESSIVE LEADERSHIP,HS,41.77416955,-87.6158421
400130,YCCS - YOUTH DEVELOPMENT,HS,41.75137711,-87.64173119
400139,YCCS - SULLIVAN,HS,41.74628657,-87.57849167
400147,CHICAGO EXCEL HS,HS,41.69196931,-87.65372654
400150,YCCS - CHATHAM,HS,41.73013138,-87.60697991
610557,PATHWAYS - ASHBURN HS,HS,41.73523902,-87.70406007
400168,GREAT LAKES,ES,41.74267138,-87.5599069
400181,ART IN MOTION,HS,41.76003434,-87.58332768
610593,OMBUDSMAN - ROSELAND HS,HS,41.69510526,-87.64281615
400028,CICS - PRAIRIE,ES,41.68443304,-87.61688838
400092,CICS - BOND,ES,41.65366345,-87.6050391
400094,EPIC HS,HS,41.74484911,-87.55022237
400136,YCCS - OLIVE HARVEY,HS,41.7129221,-87.5923332
400161,CHICAGO COLLEGIATE,HS,41.67931844,-87.61796787
400175,EXCEL SOUTH SHORE HS,HS,41.75974864,-87.55648708
610573,SAFE ACHIEVE HS,HS,41.7531149,-87.55180355
610572,SAFE ACHIEVE ES,ES,41.75311714,-87.55051276
400013,ASPIRA - EARLY COLLEGE HS,HS,41.93729829,-87.72709566
400022,CHIARTS HS,HS,41.89937657,-87.69494501
400027,CICS - IRVING PARK,ES,41.95089128,-87.71049243
400030,CICS - WEST BELDEN,ES,41.9216875,-87.77674854
400039,ERIE,ES,41.90677064,-87.69436445
400054,NOBLE - PRITZKER HS,HS,41.91521411,-87.73012671
400082,ACERO - FUENTES,ES,41.93747578,-87.69959365
400114,ACERO - SANTIAGO,ES,41.90034364,-87.68989562
400120,ACERO - CLEMENTE,ES,41.91795168,-87.78783044
400125,YCCS - ASPIRA PANTOJA,HS,41.9381866,-87.72713736
400126,YCCS - ASSOCIATION HOUSE,HS,41.90157241,-87.70685988
400131,YCCS - CAMPOS,HS,41.9028497,-87.69600602
400159,CHRISTOPHER HOUSE,ES,41.92218116,-87.75752153
400162,INTRINSIC HS,HS,41.93898843,-87.74112863
400169,NOBLE - ITW SPEER HS,HS,41.91726641,-87.75967517
609766,VAUGHN HS,HS,41.9603638,-87.76466317
610568,PATHWAYS - AVONDALE HS,HS,41.93943321,-87.70520632
400172,ASPIRA - BUSINESS & FINANCE HS,HS,41.93572647,-87.71820414
610594,PATHWAYS - HUMBOLDT PARK HS,HS,41.90284076,-87.68794643
400009,GLOBAL CITIZENSHIP,ES,41.81342,-87.748
400050,NAMASTE,ES,41.82569976,-87.66772404
400079,ACERO - ZIZUMBO,ES,41.81013479,-87.73049512
400080,ACERO - TORRES,ES,41.80819981,-87.73045044
400081,ACERO - DE LAS CASAS,ES,41.85950401,-87.66794917
400083,ACERO - PAZ,ES,41.85003541,-87.6925509
400084,ACERO - TAMAYO,ES,41.79993019,-87.69386164
400085,ACERO - GARCIA HS,HS,41.80917079,-87.73046685
400089,ACERO - MARQUEZ,ES,41.80830882,-87.6973941
400101,ACERO - CISNEROS,ES,41.82288374,-87.69399616
400104,INSTITUTO - HEALTH HS,HS,41.84596659,-87.68724016
400112,ACERO - IDAR,ES,41.80104241,-87.70879678
400135,YCCS - LATINO YOUTH,HS,41.85466466,-87.69543001
400145,YCCS - YOUTH CONNECTION,HS,41.857208,-87.644888
400164,INSTITUTO - JUSTICE HS,HS,41.84544602,-87.68406494
400149,ACERO - SOTO HS,HS,41.80176225,-87.71102498
400153,ACERO - BRIGHTON PARK,ES,41.81310945,-87.69323838
400167,HORIZON - SOUTHWEST,ES,41.79520095,-87.68396339
400173,PATHWAYS - BRIGHTON PARK HS,HS,41.80822579,-87.70264475
609748,YORK HS,HS,41.84253335,-87.69526102
610386,PEACE AND EDUCATION HS,HS,41.80351472,-87.66737776
610504,THOMAS,ES,41.82777491,-87.67754185
400179,NOBLE - MANSUETO HS,HS,41.80798719,-87.69705748
400025,CICS - BUCKTOWN,ES,41.92241463,-87.68135796
400034,CICS - NORTHTOWN HS,HS,41.99024501,-87.72650426
609744,NORTHSIDE LEARNING HS,HS,41.98297252,-87.72238622
610083,BEARD,ES,41.97012488,-87.78963033
610402,DEVRY HS,HS,41.96881958,-87.67632647
610595,FISHER,ES,41.91600801,-87.6346366
610599,CATALPA,ES,41.96198328,-87.75779107
609871,VICK,ES,41.68819084,-87.6856766
610087,BLAIR,ES,41.77655627,-87.79060442
400011,LOCKE A,ES,41.87724835,-87.70523453
400021,CATALYST - CIRCLE ROCK,ES,41.88232222,-87.76532198
400024,CICS - BASIL,ES,41.79404286,-87.67024266
400029,CICS - WASHINGTON PARK,ES,41.7841264,-87.62126075
400046,LEARN - BUTLER,ES,41.86727271,-87.71067948
400047,LEARN - CAMPBELL,ES,41.87786063,-87.69873872
400048,LEARN - EXCEL,ES,41.88731992,-87.70207089
400049,LEGACY,ES,41.85696245,-87.70850768
400051,NOBLE - NOBLE HS,HS,41.90019052,-87.66262778
400053,NOBLE - GOLDER HS,HS,41.89528219,-87.664483
400055,NOBLE - RAUNER HS,HS,41.89242501,-87.66085887
400056,NOBLE - ROWE CLARK HS,HS,41.89536226,-87.71804677
400057,NOBLE - UIC HS,HS,41.86581741,-87.67611093
400058,NLCP - CHRISTIANA HS,HS,41.85856355,-87.70898711
400064,PERSPECTIVES - JOSLIN HS,HS,41.85599911,-87.6285309
400068,PLATO,ES,41.87276043,-87.76333693
400069,POLARIS,ES,41.89255017,-87.70779647
400071,PROVIDENCE ENGLEWOOD,ES,41.77536737,-87.66399583
400091,CHICAGO TECH HS,HS,41.86330141,-87.6590948
400097,NOBLE - BULLS HS,HS,41.87880881,-87.67819526
400098,NOBLE - MUCHIN HS,HS,41.88274026,-87.62633828
400115,CATALYST - MARIA ES,ES,41.77099955,-87.69308108
400116,MONTESSORI ENGLEWOOD,ES,41.76739011,-87.66763901
400118,NOBLE - DRW HS,HS,41.86932808,-87.71165423
400119,LEGAL PREP HS,HS,41.88173276,-87.73377838
400123,YCCS - SCHOLASTIC ACHIEVEMENT,HS,41.88044719,-87.7425389
400124,YCCS - MCKINLEY,HS,41.84133117,-87.62533077
400128,YCCS - CCA ACADEMY,HS,41.86494335,-87.72366217
400133,YCCS - INNOVATIONS,HS,41.88304717,-87.62773415
400143,YCCS - WEST TOWN,HS,41.89080312,-87.7020528
400144,YCCS - WEST,HS,41.90224003,-87.74881029
400151,LEARN - 7,ES,41.88731749,-87.70141739
400163,KIPP - BLOOM,ES,41.79355627,-87.63996733
400165,LEARN - MIDDLE,ES,41.88731991,-87.70272394
400170,NOBLE - ACADEMY HS,HS,41.9068788,-87.64557694
400176,EXCEL SOUTHWEST HS,HS,41.76498803,-87.69095744
609745,SOUTHSIDE HS,HS,41.75985243,-87.67594677
609750,SIMPSON HS,HS,41.86436548,-87.66872223
609769,GRAHAM HS,HS,41.84967542,-87.62531482
609783,JEFFERSON HS,HS,41.86783229,-87.68041755
610308,RUDOLPH,ES,41.88390676,-87.66809131
610565,EXCEL ENGLEWOOD HS,HS,41.76389597,-87.64912435
610570,OMBUDSMAN - SOUTH HS,HS,41.78302658,-87.68363453
610571,OMBUDSMAN - WEST HS,HS,41.866426,-87.706137
400178,MOVING EVEREST,ES,41.88826258,-87.75542435
610597,VIRTUAL ACADEMY HS,HS,41.86345176,-87.65994571
610596,VIRTUAL ACADEMY ES,ES,41.86345443,-87.65950649
400182,CATALYST - MARIA HS,HS,41.77024943,-87.69307099
400086,URBAN PREP - ENGLEWOOD HS,HS,41.78149782,-87.63435669
400035,CHICAGO MATH & SCIENCE HS,HS,42.01303149,-87.67481842
400060,AHS - PASSAGES,ES,41.98337144,-87.67116042
400121,ACERO - DE LA CRUZ,ES,42.01647588,-87.68440568
400141,YCCS - TRUMAN,HS,41.96529482,-87.65923929
610163,STOCK,ES,42.01689164,-87.81419465
610569,OMBUDSMAN - NORTHWEST HS,HS,42.01717124,-87.80668177
610601,SAFE ACHIEVE WEST HS,HS,41.8843,-87.73925
